{
    "$schema": "./node_modules/@angular/cli/lib/config/schema.json",
    "project": {
        "name": "act-ecommerce"
    },
    "apps": [
        {
            "root": "src",
            "outDir": "dist",
            "assets": [
                "assets"
            ],
            "index": "index.html",
            "main": "main.ts",
            "polyfills": "polyfills.ts",
            "test": "test.ts",
            "tsconfig": "../tsconfig.json",
            "testTsconfig": "tsconfig.spec.json",
            "prefix": "bc",
            "styles": [
            ],
            "scripts": [],
            "environmentSource": "environments/environment.ts",
            "environments": {
                "dev": "environments/environment.ts",
                "prod": "environments/environment.prod.ts"
            }
        }
    ],
    "e2e": {
        "protractor": {
            "config": "config/protractor.conf.js"
        }
    },
    "lint": [
        {
            "project": "tsconfig.json"
        },
        {
            "project": "src/tsconfig.spec.json"
        },
        {
            "project": "e2e/tsconfig.e2e.json"
        }
    ],
    "test": {
        "karma": {
            "config": "./karma.conf.js"
        }
    },
    "defaults": {
        "styleExt": "css",
        "component": {},
        "serve": {
            "compress": true,
            "aot": true,
            "prod": true,
            "port": 9090,
            "host": "0.0.0.0"
        }
    }
}

